timestamp,id,event,details
2000-01-01 09:51:39,,layout_board.new_box_positioned,"{'position': {'x': 64.578125, 'y': 145}, 'screen_position': {'x': 121, 'y': 188}, 'board_type': 'advanced', 'session_id': 'e840e74f-78da-492b-94cd-51b9fb96c1c0', 'user_id': 'p10'}"
2000-01-01 09:52:21,,layout_board.new_box_positioned,"{'position': {'x': 211.578125, 'y': 138}, 'screen_position': {'x': 268, 'y': 181}, 'board_type': 'advanced', 'session_id': 'e840e74f-78da-492b-94cd-51b9fb96c1c0', 'user_id': 'p10'}"
2000-01-01 09:53:07,instance-1a29833a-91e1-4761-b5b3-a1e372a67869,instance.updated,"{'instance_id': 'instance-1a29833a-91e1-4761-b5b3-a1e372a67869', 'instance_label': 'mother', 'text_changed': True, 'graph_changed': False, 'session_id': 'e840e74f-78da-492b-94cd-51b9fb96c1c0', 'user_id': 'p10'}"
2000-01-01 09:54:00,instance-1a29833a-91e1-4761-b5b3-a1e372a67869,instance.updated,"{'instance_id': 'instance-1a29833a-91e1-4761-b5b3-a1e372a67869', 'instance_label': 'mother', 'text_changed': True, 'graph_changed': False, 'session_id': 'e840e74f-78da-492b-94cd-51b9fb96c1c0', 'user_id': 'p10'}"
2000-01-01 09:54:26,class-51cb8ae1-86ec-41e1-b328-53d8bc56ae3a,class.created,"{'class_id': 'class-51cb8ae1-86ec-41e1-b328-53d8bc56ae3a', 'class_name': 'mother Class', 'placeholder_count': 4, 'created_from': 'mother', 'session_id': 'e840e74f-78da-492b-94cd-51b9fb96c1c0', 'user_id': 'p10'}"
2000-01-01 09:56:59,instance-fee447db-cd2f-4f4c-a679-9311c569864b,instance.created_from_class,"{'instance_id': 'instance-fee447db-cd2f-4f4c-a679-9311c569864b', 'class_id': 'class-51cb8ae1-86ec-41e1-b328-53d8bc56ae3a', 'instance_label': 'Father', 'has_text_description': True, 'session_id': 'e840e74f-78da-492b-94cd-51b9fb96c1c0', 'user_id': 'p10'}"
2000-01-01 09:59:47,instance-b5cc70bf-1351-401b-a970-ad568daa19fd,instance.updated,"{'instance_id': 'instance-b5cc70bf-1351-401b-a970-ad568daa19fd', 'instance_label': 'grandfather', 'text_changed': True, 'graph_changed': False, 'session_id': 'e840e74f-78da-492b-94cd-51b9fb96c1c0', 'user_id': 'p10'}"
2000-01-01 10:00:29,instance-1a29833a-91e1-4761-b5b3-a1e372a67869,instance.updated,"{'instance_id': 'instance-1a29833a-91e1-4761-b5b3-a1e372a67869', 'instance_label': 'mother', 'text_changed': True, 'graph_changed': False, 'session_id': 'e840e74f-78da-492b-94cd-51b9fb96c1c0', 'user_id': 'p10'}"
2000-01-01 10:00:41,instance-fee447db-cd2f-4f4c-a679-9311c569864b,instance.updated,"{'instance_id': 'instance-fee447db-cd2f-4f4c-a679-9311c569864b', 'instance_label': 'father', 'text_changed': True, 'graph_changed': False, 'session_id': 'e840e74f-78da-492b-94cd-51b9fb96c1c0', 'user_id': 'p10'}"
2000-01-01 10:00:43,class-e22bbd12-5f32-44d3-af5b-67f05ed10302,class.created,"{'class_id': 'class-e22bbd12-5f32-44d3-af5b-67f05ed10302', 'class_name': 'grandfather Class', 'placeholder_count': 7, 'created_from': 'grandfather', 'session_id': 'e840e74f-78da-492b-94cd-51b9fb96c1c0', 'user_id': 'p10'}"
2000-01-01 10:03:37,instance-51426e1e-d5ae-4e42-bfd1-9c77817b6610,instance.created_from_class,"{'instance_id': 'instance-51426e1e-d5ae-4e42-bfd1-9c77817b6610', 'class_id': 'class-e22bbd12-5f32-44d3-af5b-67f05ed10302', 'instance_label': 'Girl', 'has_text_description': True, 'session_id': 'e840e74f-78da-492b-94cd-51b9fb96c1c0', 'user_id': 'p10'}"
2000-01-01 10:04:59,instance-51426e1e-d5ae-4e42-bfd1-9c77817b6610,instance.updated,"{'instance_id': 'instance-51426e1e-d5ae-4e42-bfd1-9c77817b6610', 'instance_label': 'Girl', 'text_changed': False, 'graph_changed': True, 'session_id': 'e840e74f-78da-492b-94cd-51b9fb96c1c0', 'user_id': 'p10'}"
2000-01-01 10:05:35,,api.generate_image.succeeded,"{'global_caption': 'a scene featuring a grandfather wearing a black beret, a white shirt, a gray cardigan, black pants, and black shoes, watching the right side; a mother wearing a flower-patterned white one-piece dress, holding a brown basket, wearing sandals, seeing the front; a father wearing a blue short-sleeved shirt and beige shorts, holding a black plate with many water bottles, and wearing sandals, seeing the front; and a little girl wearing a sleeveless pink top and pink shoes while holding a yellow balloon and a white teddy bear, watching the front.', 'region_count': 4, 'has_image': True, 'detected_objects_count': 6, 'image_path': 'output/p10/2025-08-21_10-05-34/image.png', 'image_with_layout_path': 'output/p10/2025-08-21_10-05-34/image_with_layout.png', 'timestamp_dir': 'output/p10/2025-08-21_10-05-34', 'session_id': 'e840e74f-78da-492b-94cd-51b9fb96c1c0', 'user_id': 'p10'}"
2000-01-01 10:06:53,instance-51426e1e-d5ae-4e42-bfd1-9c77817b6610,instance.updated,"{'instance_id': 'instance-51426e1e-d5ae-4e42-bfd1-9c77817b6610', 'instance_label': 'Girl', 'text_changed': False, 'graph_changed': True, 'session_id': 'e840e74f-78da-492b-94cd-51b9fb96c1c0', 'user_id': 'p10'}"
2000-01-01 10:07:04,instance-1a29833a-91e1-4761-b5b3-a1e372a67869,object_node.extract.confirmed,"{'object_id': 'object3', 'object_name': 'basket', 'parent_instance_id': 'instance-1a29833a-91e1-4761-b5b3-a1e372a67869', 'session_id': 'e840e74f-78da-492b-94cd-51b9fb96c1c0', 'user_id': 'p10'}"
2000-01-01 10:08:08,,api.generate_image.succeeded,"{'global_caption': 'a scene featuring a grandfather wearing a black beret, a white shirt, a gray cardigan, black pants, and black shoes, watching the right side; a mother wearing a white, flower-patterned one-piece dress and sandals, looking ahead while holding a brown basket; a father wearing a blue short-sleeved shirt and beige shorts, holding a black plate with many water bottles, and wearing sandals, seeing the front while holding a basket; and a little girl wearing a sleeveless pink top and pink shoes while holding a yellow balloon and a brown teddy bear, watching the front.', 'region_count': 5, 'has_image': True, 'detected_objects_count': 5, 'image_path': 'output/p10/2025-08-21_10-08-07/image.png', 'image_with_layout_path': 'output/p10/2025-08-21_10-08-07/image_with_layout.png', 'timestamp_dir': 'output/p10/2025-08-21_10-08-07', 'session_id': 'e840e74f-78da-492b-94cd-51b9fb96c1c0', 'user_id': 'p10'}"
2000-01-01 10:09:39,instance-e3fe4e70-111a-4729-a976-3179b2eeeff7,instance.updated,"{'instance_id': 'instance-e3fe4e70-111a-4729-a976-3179b2eeeff7', 'instance_label': 'basket', 'text_changed': True, 'graph_changed': False, 'session_id': 'e840e74f-78da-492b-94cd-51b9fb96c1c0', 'user_id': 'p10'}"
2000-01-01 10:10:09,,api.generate_image.succeeded,"{'global_caption': 'a scene featuring a grandfather wearing a black beret, a white shirt, a gray cardigan, black pants, and black shoes, watching the right side; a mother wearing a white, flower-patterned one-piece dress and sandals, looking ahead while holding a brown basket; a father wearing a blue short-sleeved shirt and beige shorts, holding a black plate with many water bottles, and wearing sandals, seeing the front while holding a basket; a little girl wearing a sleeveless pink top and pink shoes while holding a yellow balloon and a brown teddy bear, watching the front; and a brown basket, while the mother and father are holding the same basket.', 'region_count': 5, 'has_image': True, 'detected_objects_count': 6, 'image_path': 'output/p10/2025-08-21_10-10-09/image.png', 'image_with_layout_path': 'output/p10/2025-08-21_10-10-09/image_with_layout.png', 'timestamp_dir': 'output/p10/2025-08-21_10-10-09', 'session_id': 'e840e74f-78da-492b-94cd-51b9fb96c1c0', 'user_id': 'p10'}"
