timestamp,event,details
11:43:05,layout_board.new_box_positioned,"{'position': {'x': 65.84375, 'y': 288}, 'screen_position': {'x': 127, 'y': 331}, 'board_type': 'advanced', 'session_id': 'f3a98b52-1140-468d-8d62-b41701528433', 'user_id': 'P1'}"
11:44:28,api.generate_text_to_graph.succeeded,"{'objects_count': 6, 'relationships_count': 5, 'root_object': 'object1', 'session_id': 'f3a98b52-1140-468d-8d62-b41701528433', 'user_id': 'P1'}"
11:44:44,api.generate_text_to_graph.succeeded,"{'objects_count': 6, 'relationships_count': 6, 'root_object': 'object1', 'session_id': 'f3a98b52-1140-468d-8d62-b41701528433', 'user_id': 'P1'}"
11:44:44,instance.updated,"{'instance_id': 'instance-7a1ebca4-f303-4497-87ae-c01929e70770', 'instance_label': 'grandpa', 'text_changed': True, 'graph_changed': False, 'session_id': 'f3a98b52-1140-468d-8d62-b41701528433', 'user_id': 'P1'}"
11:44:56,instance_selected,"{'instance_id': 'instance-7a1ebca4-f303-4497-87ae-c01929e70770', 'instance_label': 'grandpa', 'is_from_class': False, 'class_id': None, 'session_id': 'f3a98b52-1140-468d-8d62-b41701528433', 'user_id': 'P1'}"
11:45:10,api.generate_text_to_graph.succeeded,"{'objects_count': 6, 'relationships_count': 6, 'root_object': 'object1', 'session_id': 'f3a98b52-1140-468d-8d62-b41701528433', 'user_id': 'P1'}"
11:45:10,instance.updated,"{'instance_id': 'instance-7a1ebca4-f303-4497-87ae-c01929e70770', 'instance_label': 'grandpa', 'text_changed': True, 'graph_changed': False, 'session_id': 'f3a98b52-1140-468d-8d62-b41701528433', 'user_id': 'P1'}"
11:45:10,instance_selected,"{'instance_id': 'instance-7a1ebca4-f303-4497-87ae-c01929e70770', 'instance_label': 'grandpa', 'is_from_class': False, 'class_id': None, 'session_id': 'f3a98b52-1140-468d-8d62-b41701528433', 'user_id': 'P1'}"
11:45:25,layout.node.moved,"{'nodeId': 'instance-7a1ebca4-f303-4497-87ae-c01929e70770-resizable', 'newPos': {'x': 0, 'y': 284}, 'session_id': 'f3a98b52-1140-468d-8d62-b41701528433', 'user_id': 'P1'}"
11:45:34,layout.node.moved,"{'nodeId': 'instance-7a1ebca4-f303-4497-87ae-c01929e70770-resizable', 'newPos': {'x': 0, 'y': 270}, 'session_id': 'f3a98b52-1140-468d-8d62-b41701528433', 'user_id': 'P1'}"
11:45:41,layout.node.moved,"{'nodeId': 'instance-7a1ebca4-f303-4497-87ae-c01929e70770-resizable', 'newPos': {'x': 0, 'y': 259}, 'session_id': 'f3a98b52-1140-468d-8d62-b41701528433', 'user_id': 'P1'}"
11:45:48,layout.node.moved,"{'nodeId': 'instance-7a1ebca4-f303-4497-87ae-c01929e70770-resizable', 'newPos': {'x': 0, 'y': 223}, 'session_id': 'f3a98b52-1140-468d-8d62-b41701528433', 'user_id': 'P1'}"
11:45:52,layout_board.new_box_positioned,"{'position': {'x': 191.84375, 'y': 301}, 'screen_position': {'x': 253, 'y': 344}, 'board_type': 'advanced', 'session_id': 'f3a98b52-1140-468d-8d62-b41701528433', 'user_id': 'P1'}"
11:47:29,api.generate_text_to_graph.succeeded,"{'objects_count': 3, 'relationships_count': 2, 'root_object': 'object1', 'session_id': 'f3a98b52-1140-468d-8d62-b41701528433', 'user_id': 'P1'}"
11:47:55,api.generate_placeholders.succeeded,"{'object_count': 3, 'unique_value_count': 16, 'session_id': 'f3a98b52-1140-468d-8d62-b41701528433', 'user_id': 'P1'}"
11:47:55,class.created,"{'class_id': 'class-6a90e597-ae8b-4c2f-9c4a-b3afef6476ea', 'class_name': 'woman Class', 'placeholder_count': 3, 'created_from': 'woman', 'session_id': 'f3a98b52-1140-468d-8d62-b41701528433', 'user_id': 'P1'}"
11:47:56,class_library_toggle,"{'expanded': True, 'class_count': 1, 'session_id': 'f3a98b52-1140-468d-8d62-b41701528433', 'user_id': 'P1'}"
11:49:41,api.generate_scene_graph_to_text.succeeded,"{'text_length': 146, 'generated_text': 'A dark, slightly tanned male is wearing a short-sleeve blue shirt with light-blue and pink flower pa', 'session_id': 'f3a98b52-1140-468d-8d62-b41701528433', 'user_id': 'P1'}"
11:49:41,api.generate_instance_label_from_description.succeeded,"{'generated_label': 'Male', 'original_text': 'A dark, slightly tanned male is wearing a short-sl', 'session_id': 'f3a98b52-1140-468d-8d62-b41701528433', 'user_id': 'P1'}"
11:49:41,instance.created_from_class,"{'instance_id': 'instance-df4f2a38-952c-4d4f-99ec-eb52cbbb0c0a', 'class_id': 'class-6a90e597-ae8b-4c2f-9c4a-b3afef6476ea', 'instance_label': 'Male', 'has_text_description': True, 'session_id': 'f3a98b52-1140-468d-8d62-b41701528433', 'user_id': 'P1'}"
11:49:50,instance_selected,"{'instance_id': 'instance-df4f2a38-952c-4d4f-99ec-eb52cbbb0c0a', 'instance_label': 'Male', 'is_from_class': True, 'class_id': 'class-6a90e597-ae8b-4c2f-9c4a-b3afef6476ea', 'session_id': 'f3a98b52-1140-468d-8d62-b41701528433', 'user_id': 'P1'}"
11:50:12,api.generate_text_to_graph.succeeded,"{'objects_count': 3, 'relationships_count': 2, 'root_object': 'object1', 'session_id': 'f3a98b52-1140-468d-8d62-b41701528433', 'user_id': 'P1'}"
11:50:12,instance_selected,"{'instance_id': 'instance-df4f2a38-952c-4d4f-99ec-eb52cbbb0c0a', 'instance_label': 'male', 'is_from_class': True, 'class_id': 'class-6a90e597-ae8b-4c2f-9c4a-b3afef6476ea', 'session_id': 'f3a98b52-1140-468d-8d62-b41701528433', 'user_id': 'P1'}"
11:50:12,instance.updated,"{'instance_id': 'instance-df4f2a38-952c-4d4f-99ec-eb52cbbb0c0a', 'instance_label': 'male', 'text_changed': True, 'graph_changed': False, 'session_id': 'f3a98b52-1140-468d-8d62-b41701528433', 'user_id': 'P1'}"
11:50:40,object_node.edit.saved,"{'object_id': '15751e23-d997-402f-8f3e-4d87f5c93df1', 'object_name': 'new object', 'edit_mode': 'name', 'new_value': 'pants shorts', 'is_class_mode': False, 'parent_instance_id': 'instance-df4f2a38-952c-4d4f-99ec-eb52cbbb0c0a', 'session_id': 'f3a98b52-1140-468d-8d62-b41701528433', 'user_id': 'P1'}"
11:50:40,object_node.edit.cancelled,"{'object_id': '15751e23-d997-402f-8f3e-4d87f5c93df1', 'object_name': 'new object', 'edit_mode': 'name', 'is_class_mode': False, 'session_id': 'f3a98b52-1140-468d-8d62-b41701528433', 'user_id': 'P1'}"
11:50:47,object_node.edit.saved,"{'object_id': '15751e23-d997-402f-8f3e-4d87f5c93df1', 'object_name': 'pants shorts', 'edit_mode': 'adding', 'new_value': 'beige', 'is_class_mode': False, 'parent_instance_id': 'instance-df4f2a38-952c-4d4f-99ec-eb52cbbb0c0a', 'session_id': 'f3a98b52-1140-468d-8d62-b41701528433', 'user_id': 'P1'}"
11:50:47,object_node.edit.cancelled,"{'object_id': '15751e23-d997-402f-8f3e-4d87f5c93df1', 'object_name': 'pants shorts', 'edit_mode': 'adding', 'is_class_mode': False, 'session_id': 'f3a98b52-1140-468d-8d62-b41701528433', 'user_id': 'P1'}"
11:50:56,object_node.edit.saved,"{'object_id': 'eb5c1e09-39dc-406a-81cf-f22b20ed509b', 'object_name': 'new object', 'edit_mode': 'adding', 'new_value': 'beige', 'is_class_mode': False, 'parent_instance_id': 'instance-df4f2a38-952c-4d4f-99ec-eb52cbbb0c0a', 'session_id': 'f3a98b52-1140-468d-8d62-b41701528433', 'user_id': 'P1'}"
11:50:56,object_node.edit.cancelled,"{'object_id': 'eb5c1e09-39dc-406a-81cf-f22b20ed509b', 'object_name': 'new object', 'edit_mode': 'adding', 'is_class_mode': False, 'session_id': 'f3a98b52-1140-468d-8d62-b41701528433', 'user_id': 'P1'}"
11:51:03,object_node.edit.saved,"{'object_id': 'eb5c1e09-39dc-406a-81cf-f22b20ed509b', 'object_name': 'new object', 'edit_mode': 'adding', 'new_value': 'short', 'is_class_mode': False, 'parent_instance_id': 'instance-df4f2a38-952c-4d4f-99ec-eb52cbbb0c0a', 'session_id': 'f3a98b52-1140-468d-8d62-b41701528433', 'user_id': 'P1'}"
11:51:03,object_node.edit.cancelled,"{'object_id': 'eb5c1e09-39dc-406a-81cf-f22b20ed509b', 'object_name': 'new object', 'edit_mode': 'adding', 'is_class_mode': False, 'session_id': 'f3a98b52-1140-468d-8d62-b41701528433', 'user_id': 'P1'}"
11:51:05,object_node.expand_collapse,"{'object_id': 'eb5c1e09-39dc-406a-81cf-f22b20ed509b', 'object_name': 'new object', 'action': 'collapse', 'parent_instance_id': 'instance-df4f2a38-952c-4d4f-99ec-eb52cbbb0c0a', 'is_class_mode': False, 'session_id': 'f3a98b52-1140-468d-8d62-b41701528433', 'user_id': 'P1'}"
11:51:06,object_node.expand_collapse,"{'object_id': 'eb5c1e09-39dc-406a-81cf-f22b20ed509b', 'object_name': 'new object', 'action': 'expand', 'parent_instance_id': 'instance-df4f2a38-952c-4d4f-99ec-eb52cbbb0c0a', 'is_class_mode': False, 'session_id': 'f3a98b52-1140-468d-8d62-b41701528433', 'user_id': 'P1'}"
11:51:08,object_node.edit.cancelled,"{'object_id': 'eb5c1e09-39dc-406a-81cf-f22b20ed509b', 'object_name': 'new object', 'edit_mode': 'adding', 'is_class_mode': False, 'session_id': 'f3a98b52-1140-468d-8d62-b41701528433', 'user_id': 'P1'}"
11:51:12,object_node.edit.saved,"{'object_id': 'eb5c1e09-39dc-406a-81cf-f22b20ed509b', 'object_name': 'new object', 'edit_mode': 'name', 'new_value': 'pants', 'is_class_mode': False, 'parent_instance_id': 'instance-df4f2a38-952c-4d4f-99ec-eb52cbbb0c0a', 'session_id': 'f3a98b52-1140-468d-8d62-b41701528433', 'user_id': 'P1'}"
11:51:12,object_node.edit.cancelled,"{'object_id': 'eb5c1e09-39dc-406a-81cf-f22b20ed509b', 'object_name': 'new object', 'edit_mode': 'name', 'is_class_mode': False, 'session_id': 'f3a98b52-1140-468d-8d62-b41701528433', 'user_id': 'P1'}"
11:51:17,object_node.connection_drag.completed,"{'source_object_id': 'object1', 'target_object_id': 'eb5c1e09-39dc-406a-81cf-f22b20ed509b', 'source_parent_id': 'instance-df4f2a38-952c-4d4f-99ec-eb52cbbb0c0a', 'target_parent_id': 'instance-df4f2a38-952c-4d4f-99ec-eb52cbbb0c0a', 'session_id': 'f3a98b52-1140-468d-8d62-b41701528433', 'user_id': 'P1'}"
11:51:23,relationship_node.edited,"{'relationship_id': 'object1-eb5c1e09-39dc-406a-81cf-f22b20ed509b', 'source_object_id': 'object1', 'target_object_id': 'eb5c1e09-39dc-406a-81cf-f22b20ed509b', 'old_relation': 'connected to', 'new_relation': 'wearing', 'source_object_name': 'male', 'target_object_name': 'pants', 'session_id': 'f3a98b52-1140-468d-8d62-b41701528433', 'user_id': 'P1'}"
11:51:33,object_node.edit.cancelled,"{'object_id': 'object1', 'object_name': 'male', 'edit_mode': 'adding', 'is_class_mode': False, 'session_id': 'f3a98b52-1140-468d-8d62-b41701528433', 'user_id': 'P1'}"
11:51:42,object_node.edit.cancelled,"{'object_id': '00fb8d1f-5068-4c4e-9169-bc316fad59da', 'object_name': 'new object', 'edit_mode': 'name', 'is_class_mode': False, 'session_id': 'f3a98b52-1140-468d-8d62-b41701528433', 'user_id': 'P1'}"
11:51:42,object_node.edit.saved,"{'object_id': '00fb8d1f-5068-4c4e-9169-bc316fad59da', 'object_name': 'new object', 'edit_mode': 'name', 'new_value': 'hair', 'is_class_mode': False, 'parent_instance_id': 'instance-df4f2a38-952c-4d4f-99ec-eb52cbbb0c0a', 'session_id': 'f3a98b52-1140-468d-8d62-b41701528433', 'user_id': 'P1'}"
11:51:45,object_node.edit.saved,"{'object_id': '00fb8d1f-5068-4c4e-9169-bc316fad59da', 'object_name': 'hair', 'edit_mode': 'adding', 'new_value': 'curly', 'is_class_mode': False, 'parent_instance_id': 'instance-df4f2a38-952c-4d4f-99ec-eb52cbbb0c0a', 'session_id': 'f3a98b52-1140-468d-8d62-b41701528433', 'user_id': 'P1'}"
11:51:45,object_node.edit.cancelled,"{'object_id': '00fb8d1f-5068-4c4e-9169-bc316fad59da', 'object_name': 'hair', 'edit_mode': 'adding', 'is_class_mode': False, 'session_id': 'f3a98b52-1140-468d-8d62-b41701528433', 'user_id': 'P1'}"
11:51:50,object_node.edit.cancelled,"{'object_id': '00fb8d1f-5068-4c4e-9169-bc316fad59da', 'object_name': 'hair', 'edit_mode': 'adding', 'is_class_mode': False, 'session_id': 'f3a98b52-1140-468d-8d62-b41701528433', 'user_id': 'P1'}"
11:51:50,object_node.edit.saved,"{'object_id': '00fb8d1f-5068-4c4e-9169-bc316fad59da', 'object_name': 'hair', 'edit_mode': 'adding', 'new_value': 'dark brown', 'is_class_mode': False, 'parent_instance_id': 'instance-df4f2a38-952c-4d4f-99ec-eb52cbbb0c0a', 'session_id': 'f3a98b52-1140-468d-8d62-b41701528433', 'user_id': 'P1'}"
11:51:53,object_node.connection_drag.cancelled,"{'reason': 'no_target', 'object_id': 'object1', 'session_id': 'f3a98b52-1140-468d-8d62-b41701528433', 'user_id': 'P1'}"
11:51:55,object_node.connection_drag.cancelled,"{'reason': 'no_target', 'object_id': 'object1', 'session_id': 'f3a98b52-1140-468d-8d62-b41701528433', 'user_id': 'P1'}"
11:51:56,object_node.connection_drag.cancelled,"{'reason': 'no_target', 'object_id': 'object1', 'session_id': 'f3a98b52-1140-468d-8d62-b41701528433', 'user_id': 'P1'}"
11:51:59,object_node.connection_drag.completed,"{'source_object_id': 'object1', 'target_object_id': '00fb8d1f-5068-4c4e-9169-bc316fad59da', 'source_parent_id': 'instance-df4f2a38-952c-4d4f-99ec-eb52cbbb0c0a', 'target_parent_id': 'instance-df4f2a38-952c-4d4f-99ec-eb52cbbb0c0a', 'session_id': 'f3a98b52-1140-468d-8d62-b41701528433', 'user_id': 'P1'}"
11:52:05,object_node.edit.cancelled,"{'object_id': 'eb5c1e09-39dc-406a-81cf-f22b20ed509b', 'object_name': 'pants', 'edit_mode': 'adding', 'is_class_mode': False, 'session_id': 'f3a98b52-1140-468d-8d62-b41701528433', 'user_id': 'P1'}"
11:52:08,object_node.edit.saved,"{'object_id': '00fb8d1f-5068-4c4e-9169-bc316fad59da', 'object_name': 'hair', 'edit_mode': 'adding', 'new_value': 'short', 'is_class_mode': False, 'parent_instance_id': 'instance-df4f2a38-952c-4d4f-99ec-eb52cbbb0c0a', 'session_id': 'f3a98b52-1140-468d-8d62-b41701528433', 'user_id': 'P1'}"
11:52:08,object_node.edit.cancelled,"{'object_id': '00fb8d1f-5068-4c4e-9169-bc316fad59da', 'object_name': 'hair', 'edit_mode': 'adding', 'is_class_mode': False, 'session_id': 'f3a98b52-1140-468d-8d62-b41701528433', 'user_id': 'P1'}"
11:52:14,relationship_node.edited,"{'relationship_id': 'object1-00fb8d1f-5068-4c4e-9169-bc316fad59da', 'source_object_id': 'object1', 'target_object_id': '00fb8d1f-5068-4c4e-9169-bc316fad59da', 'old_relation': 'connected to', 'new_relation': 'with', 'source_object_name': 'male', 'target_object_name': 'hair', 'session_id': 'f3a98b52-1140-468d-8d62-b41701528433', 'user_id': 'P1'}"
11:52:18,api.generate_scene_graph_to_text.succeeded,"{'text_length': 165, 'generated_text': 'A dark, slightly tanned male is wearing a short-sleeve blue shirt and beige short pants, while holdi', 'session_id': 'f3a98b52-1140-468d-8d62-b41701528433', 'user_id': 'P1'}"
11:52:18,instance.updated,"{'instance_id': 'instance-df4f2a38-952c-4d4f-99ec-eb52cbbb0c0a', 'instance_label': 'male', 'text_changed': False, 'graph_changed': True, 'session_id': 'f3a98b52-1140-468d-8d62-b41701528433', 'user_id': 'P1'}"
11:52:18,instance_selected,"{'instance_id': 'instance-df4f2a38-952c-4d4f-99ec-eb52cbbb0c0a', 'instance_label': 'male', 'is_from_class': True, 'class_id': 'class-6a90e597-ae8b-4c2f-9c4a-b3afef6476ea', 'session_id': 'f3a98b52-1140-468d-8d62-b41701528433', 'user_id': 'P1'}"
11:52:20,layout.node.moved,"{'nodeId': 'instance-df4f2a38-952c-4d4f-99ec-eb52cbbb0c0a', 'newPos': {'x': 257, 'y': 156}, 'session_id': 'f3a98b52-1140-468d-8d62-b41701528433', 'user_id': 'P1'}"
11:52:26,layout.node.moved,"{'nodeId': 'instance-df4f2a38-952c-4d4f-99ec-eb52cbbb0c0a-resizable', 'newPos': {'x': 248, 'y': 242}, 'session_id': 'f3a98b52-1140-468d-8d62-b41701528433', 'user_id': 'P1'}"
11:53:01,layout.node.moved,"{'nodeId': 'instance-d01373cb-6088-4a7c-a7b4-fdc5b1627e8f', 'newPos': {'x': 113.84375, 'y': 154}, 'session_id': 'f3a98b52-1140-468d-8d62-b41701528433', 'user_id': 'P1'}"
11:53:10,layout.node.moved,"{'nodeId': 'instance-d01373cb-6088-4a7c-a7b4-fdc5b1627e8f-resizable', 'newPos': {'x': 130.84375, 'y': 157}, 'session_id': 'f3a98b52-1140-468d-8d62-b41701528433', 'user_id': 'P1'}"
11:53:20,instance_selected,"{'instance_id': 'instance-d01373cb-6088-4a7c-a7b4-fdc5b1627e8f', 'instance_label': 'woman', 'is_from_class': True, 'class_id': 'class-6a90e597-ae8b-4c2f-9c4a-b3afef6476ea', 'session_id': 'f3a98b52-1140-468d-8d62-b41701528433', 'user_id': 'P1'}"
11:53:30,layout.node.moved,"{'nodeId': 'instance-d01373cb-6088-4a7c-a7b4-fdc5b1627e8f', 'newPos': {'x': 93.84375, 'y': 148}, 'session_id': 'f3a98b52-1140-468d-8d62-b41701528433', 'user_id': 'P1'}"
11:53:53,layout.node.moved,"{'nodeId': 'instance-d01373cb-6088-4a7c-a7b4-fdc5b1627e8f-resizable', 'newPos': {'x': 126.84375, 'y': 159}, 'session_id': 'f3a98b52-1140-468d-8d62-b41701528433', 'user_id': 'P1'}"
11:53:58,layout.node.moved,"{'nodeId': 'instance-d01373cb-6088-4a7c-a7b4-fdc5b1627e8f', 'newPos': {'x': 129.84375, 'y': 159}, 'session_id': 'f3a98b52-1140-468d-8d62-b41701528433', 'user_id': 'P1'}"
11:54:00,layout_board.new_box_positioned,"{'position': {'x': 428.84375, 'y': 345}, 'screen_position': {'x': 490, 'y': 388}, 'board_type': 'advanced', 'session_id': 'f3a98b52-1140-468d-8d62-b41701528433', 'user_id': 'P1'}"
11:55:18,api.generate_text_to_graph.succeeded,"{'objects_count': 6, 'relationships_count': 5, 'root_object': 'object1', 'session_id': 'f3a98b52-1140-468d-8d62-b41701528433', 'user_id': 'P1'}"
11:55:22,layout.node.moved,"{'nodeId': 'instance-7a1ebca4-f303-4497-87ae-c01929e70770-resizable', 'newPos': {'x': 0, 'y': 233}, 'session_id': 'f3a98b52-1140-468d-8d62-b41701528433', 'user_id': 'P1'}"
11:55:29,layout_board.new_box_positioned,"{'position': {'x': 19.84375, 'y': 9}, 'screen_position': {'x': 81, 'y': 52}, 'board_type': 'advanced', 'session_id': 'f3a98b52-1140-468d-8d62-b41701528433', 'user_id': 'P1'}"
11:55:59,api.generate_text_to_graph.succeeded,"{'objects_count': 3, 'relationships_count': 2, 'root_object': 'object1', 'session_id': 'f3a98b52-1140-468d-8d62-b41701528433', 'user_id': 'P1'}"
11:56:04,instance_selected,"{'instance_id': 'instance-df4f2a38-952c-4d4f-99ec-eb52cbbb0c0a', 'instance_label': 'male', 'is_from_class': True, 'class_id': 'class-6a90e597-ae8b-4c2f-9c4a-b3afef6476ea', 'session_id': 'f3a98b52-1140-468d-8d62-b41701528433', 'user_id': 'P1'}"
11:56:33,prompt_saved,{'path': 'output/P1/2025-08-24_11-56-33/prompt.json'}
11:56:34,object_detection_integrated,{'objects_count': 8}
11:56:34,api.generate_image.succeeded,"{'global_caption': 'A scene featuring a grandpa with white hair wearing a black cap, a white shirt, a grey cardigan, and black long pants, with a pair of black shoes; a woman with dark brown hair and slightly tanned skin, wearing a short sleeve long dress with small pink and light-blue flower patterns, holding a wooden basket and holding hands with a male; a dark, slightly tanned male wearing a short-sleeve blue shirt and beige short pants, holding a bunch of bottled water and having short, curly dark brown hair; a little girl wearing a hot-pink t-shirt with no sleeves, a white mid-length skirt, and pink sandals, holding a brown teddy bear in her right hand and a yellow balloon in her left hand; and a road with two black cars and a lot of trees with green leaves.', 'region_count': 5, 'has_image': True, 'detected_objects_count': 8, 'image_path': 'output/P1/2025-08-24_11-56-33/image.png', 'image_with_layout_path': 'output/P1/2025-08-24_11-56-33/image_with_layout.png', 'timestamp_dir': 'output/P1/2025-08-24_11-56-33', 'session_id': 'f3a98b52-1140-468d-8d62-b41701528433', 'user_id': 'P1'}"
11:56:34,object_detection_integrated,"{'objectsCount': 8, 'objects': [{'label': 'person', 'confidence': 0.9059357643127441}, {'label': 'person', 'confidence': 0.8910806179046631}, {'label': 'person', 'confidence': 0.832603931427002}, {'label': 'person', 'confidence': 0.8310226202011108}, {'label': 'person', 'confidence': 0.7671617269515991}, {'label': 'car', 'confidence': 0.4312543570995331}, {'label': 'sports ball', 'confidence': 0.370878666639328}, {'label': 'teddy bear', 'confidence': 0.345840185880661}], 'session_id': 'f3a98b52-1140-468d-8d62-b41701528433', 'user_id': 'P1'}"
11:57:31,object_node.extract.cancelled,"{'object_id': 'object3', 'object_name': 'bunch of bottled water', 'parent_instance_id': 'instance-df4f2a38-952c-4d4f-99ec-eb52cbbb0c0a', 'session_id': 'f3a98b52-1140-468d-8d62-b41701528433', 'user_id': 'P1'}"
11:58:01,layout.node.moved,"{'nodeId': 'instance-7a1ebca4-f303-4497-87ae-c01929e70770-resizable', 'newPos': {'x': 0, 'y': 233}, 'session_id': 'f3a98b52-1140-468d-8d62-b41701528433', 'user_id': 'P1'}"
11:58:04,layout.node.moved,"{'nodeId': 'instance-31403457-b9a1-45ce-b9c6-654e3a5016bb-resizable', 'newPos': {'x': -11, 'y': 37}, 'session_id': 'f3a98b52-1140-468d-8d62-b41701528433', 'user_id': 'P1'}"
11:58:05,layout.node.moved,"{'nodeId': 'instance-31403457-b9a1-45ce-b9c6-654e3a5016bb-resizable', 'newPos': {'x': -11, 'y': 0}, 'session_id': 'f3a98b52-1140-468d-8d62-b41701528433', 'user_id': 'P1'}"
11:58:09,layout.node.moved,"{'nodeId': 'instance-7a1ebca4-f303-4497-87ae-c01929e70770-resizable', 'newPos': {'x': 0, 'y': 214}, 'session_id': 'f3a98b52-1140-468d-8d62-b41701528433', 'user_id': 'P1'}"
11:58:15,layout.node.moved,"{'nodeId': 'instance-7a1ebca4-f303-4497-87ae-c01929e70770-resizable', 'newPos': {'x': 14, 'y': 233}, 'session_id': 'f3a98b52-1140-468d-8d62-b41701528433', 'user_id': 'P1'}"
11:58:25,object_node.extract.confirmed,"{'object_id': 'object3', 'object_name': 'bunch of bottled water', 'parent_instance_id': 'instance-df4f2a38-952c-4d4f-99ec-eb52cbbb0c0a', 'session_id': 'f3a98b52-1140-468d-8d62-b41701528433', 'user_id': 'P1'}"
11:58:26,api.generate_scene_graph_to_text.succeeded,"{'text_length': 23, 'generated_text': 'Bunch of bottled water.', 'session_id': 'f3a98b52-1140-468d-8d62-b41701528433', 'user_id': 'P1'}"
11:58:27,api.generate_scene_graph_to_text.succeeded,"{'text_length': 123, 'generated_text': 'A dark brown, slightly tanned male with short, curly dark brown hair is wearing a short-sleeve blue ', 'session_id': 'f3a98b52-1140-468d-8d62-b41701528433', 'user_id': 'P1'}"
11:58:27,instance_selected,"{'instance_id': 'instance-df4f2a38-952c-4d4f-99ec-eb52cbbb0c0a', 'instance_label': 'male', 'is_from_class': True, 'class_id': 'class-6a90e597-ae8b-4c2f-9c4a-b3afef6476ea', 'session_id': 'f3a98b52-1140-468d-8d62-b41701528433', 'user_id': 'P1'}"
11:58:30,layout.node.moved,"{'nodeId': 'instance-a7295d00-2ed2-415a-b3b2-38f526a2de66-resizable', 'newPos': {'x': 333, 'y': 226}, 'session_id': 'f3a98b52-1140-468d-8d62-b41701528433', 'user_id': 'P1'}"
11:58:35,layout.node.moved,"{'nodeId': 'instance-a7295d00-2ed2-415a-b3b2-38f526a2de66-resizable', 'newPos': {'x': 333, 'y': 206}, 'session_id': 'f3a98b52-1140-468d-8d62-b41701528433', 'user_id': 'P1'}"
11:58:46,instance_selected,"{'instance_id': 'instance-d01373cb-6088-4a7c-a7b4-fdc5b1627e8f', 'instance_label': 'woman', 'is_from_class': True, 'class_id': 'class-6a90e597-ae8b-4c2f-9c4a-b3afef6476ea', 'session_id': 'f3a98b52-1140-468d-8d62-b41701528433', 'user_id': 'P1'}"
11:58:48,object_node.extract.confirmed,"{'object_id': 'object3', 'object_name': 'basket', 'parent_instance_id': 'instance-d01373cb-6088-4a7c-a7b4-fdc5b1627e8f', 'session_id': 'f3a98b52-1140-468d-8d62-b41701528433', 'user_id': 'P1'}"
11:58:49,api.generate_scene_graph_to_text.succeeded,"{'text_length': 14, 'generated_text': 'Wooden basket.', 'session_id': 'f3a98b52-1140-468d-8d62-b41701528433', 'user_id': 'P1'}"
11:58:50,api.generate_scene_graph_to_text.succeeded,"{'text_length': 135, 'generated_text': 'A woman with dark brown, slightly tanned skin is wearing a short-sleeved dress that has long small p', 'session_id': 'f3a98b52-1140-468d-8d62-b41701528433', 'user_id': 'P1'}"
11:58:50,instance_selected,"{'instance_id': 'instance-d01373cb-6088-4a7c-a7b4-fdc5b1627e8f', 'instance_label': 'woman', 'is_from_class': True, 'class_id': 'class-6a90e597-ae8b-4c2f-9c4a-b3afef6476ea', 'session_id': 'f3a98b52-1140-468d-8d62-b41701528433', 'user_id': 'P1'}"
11:58:53,layout.node.moved,"{'nodeId': 'instance-fd5fc9e0-4c9d-4177-9f03-cb63edce6491-resizable', 'newPos': {'x': 201, 'y': 285}, 'session_id': 'f3a98b52-1140-468d-8d62-b41701528433', 'user_id': 'P1'}"
11:58:58,layout.node.moved,"{'nodeId': 'instance-fd5fc9e0-4c9d-4177-9f03-cb63edce6491-resizable', 'newPos': {'x': 191, 'y': 292}, 'session_id': 'f3a98b52-1140-468d-8d62-b41701528433', 'user_id': 'P1'}"
11:59:15,instance_selected,"{'instance_id': 'instance-7d6736ec-8114-4862-8acd-e84a612d4936', 'instance_label': 'girl', 'is_from_class': False, 'class_id': None, 'session_id': 'f3a98b52-1140-468d-8d62-b41701528433', 'user_id': 'P1'}"
11:59:21,object_node.extract.confirmed,"{'object_id': 'object6', 'object_name': 'balloon', 'parent_instance_id': 'instance-7d6736ec-8114-4862-8acd-e84a612d4936', 'session_id': 'f3a98b52-1140-468d-8d62-b41701528433', 'user_id': 'P1'}"
11:59:22,api.generate_scene_graph_to_text.succeeded,"{'text_length': 15, 'generated_text': 'Yellow balloon.', 'session_id': 'f3a98b52-1140-468d-8d62-b41701528433', 'user_id': 'P1'}"
11:59:23,object_node.extract.confirmed,"{'object_id': 'object5', 'object_name': 'teddybear', 'parent_instance_id': 'instance-7d6736ec-8114-4862-8acd-e84a612d4936', 'session_id': 'f3a98b52-1140-468d-8d62-b41701528433', 'user_id': 'P1'}"
11:59:23,instance_selected,"{'instance_id': 'instance-7d6736ec-8114-4862-8acd-e84a612d4936', 'instance_label': 'girl', 'is_from_class': False, 'class_id': None, 'session_id': 'f3a98b52-1140-468d-8d62-b41701528433', 'user_id': 'P1'}"
11:59:23,api.generate_scene_graph_to_text.succeeded,"{'text_length': 144, 'generated_text': 'A little girl wearing a hot-pink, no-sleeve t-shirt, a white mid-length skirt, and pink sandals is h', 'session_id': 'f3a98b52-1140-468d-8d62-b41701528433', 'user_id': 'P1'}"
11:59:24,api.generate_scene_graph_to_text.succeeded,"{'text_length': 16, 'generated_text': 'Brown teddybear.', 'session_id': 'f3a98b52-1140-468d-8d62-b41701528433', 'user_id': 'P1'}"
11:59:25,api.generate_scene_graph_to_text.succeeded,"{'text_length': 149, 'generated_text': 'A little girl is wearing a hot-pink, no-sleeve t-shirt, a white mid-length skirt, and pink sandals. ', 'session_id': 'f3a98b52-1140-468d-8d62-b41701528433', 'user_id': 'P1'}"
11:59:25,instance_selected,"{'instance_id': 'instance-7d6736ec-8114-4862-8acd-e84a612d4936', 'instance_label': 'girl', 'is_from_class': False, 'class_id': None, 'session_id': 'f3a98b52-1140-468d-8d62-b41701528433', 'user_id': 'P1'}"
11:59:26,layout.node.moved,"{'nodeId': 'instance-a0e1098c-c69f-4196-a1be-7971612c29fb-resizable', 'newPos': {'x': 448, 'y': 343}, 'session_id': 'f3a98b52-1140-468d-8d62-b41701528433', 'user_id': 'P1'}"
11:59:33,layout.node.moved,"{'nodeId': 'instance-1d301cbd-f50e-4943-af5f-f416f72ad3be-resizable', 'newPos': {'x': 236, 'y': 209}, 'session_id': 'f3a98b52-1140-468d-8d62-b41701528433', 'user_id': 'P1'}"
11:59:36,layout.node.moved,"{'nodeId': 'instance-31403457-b9a1-45ce-b9c6-654e3a5016bb-resizable', 'newPos': {'x': -11, 'y': 141}, 'session_id': 'f3a98b52-1140-468d-8d62-b41701528433', 'user_id': 'P1'}"
11:59:39,layout.node.moved,"{'nodeId': 'instance-31403457-b9a1-45ce-b9c6-654e3a5016bb-resizable', 'newPos': {'x': -11, 'y': 0}, 'session_id': 'f3a98b52-1140-468d-8d62-b41701528433', 'user_id': 'P1'}"
11:59:43,layout.node.moved,"{'nodeId': 'instance-31403457-b9a1-45ce-b9c6-654e3a5016bb-resizable', 'newPos': {'x': -11, 'y': 0}, 'session_id': 'f3a98b52-1140-468d-8d62-b41701528433', 'user_id': 'P1'}"
11:59:54,instance_selected,"{'instance_id': 'instance-1d301cbd-f50e-4943-af5f-f416f72ad3be', 'instance_label': 'teddybear', 'is_from_class': False, 'class_id': None, 'session_id': 'f3a98b52-1140-468d-8d62-b41701528433', 'user_id': 'P1'}"
11:59:58,instance.deleted,"{'instance_id': 'instance-1d301cbd-f50e-4943-af5f-f416f72ad3be', 'instance_label': 'teddybear', 'is_from_class': False, 'class_id': None, 'session_id': 'f3a98b52-1140-468d-8d62-b41701528433', 'user_id': 'P1'}"
11:59:59,object_clicked,"{'label': 'teddy bear', 'confidence': 0.345840185880661, 'bbox': [315, 357, 357, 418], 'session_id': 'f3a98b52-1140-468d-8d62-b41701528433', 'user_id': 'P1'}"
11:59:59,describe_requested,"{'crop_box': [315, 357, 357, 418], 'global_caption': 'A scene featuring a grandpa with white hair wearing a black cap, a white shirt, a grey cardigan, and black long pants, with a pair of black shoes; a woman with dark brown hair and slightly tanned skin, wearing a short sleeve long dress with small pink and light-blue flower patterns, holding a wooden basket and holding hands with a male; a dark, slightly tanned male wearing a short-sleeve blue shirt and beige short pants, holding a bunch of bottled water and having short, curly dark brown hair; a little girl wearing a hot-pink t-shirt with no sleeves, a white mid-length skirt, and pink sandals, holding a brown teddy bear in her right hand and a yellow balloon in her left hand; and a road with two black cars and a lot of trees with green leaves.'}"
11:59:59,describe_region_saved,{'region_path': 'output/P1/2025-08-24_11-59-59/region.png'}
12:00:01,describe_result,"{'noun_phrase': 'teddy bear', 'description': 'a small brown teddy bear with a single white eye'}"
12:00:01,object_description_generated,"{'label': 'teddy bear', 'description': 'a small brown teddy bear with a single white eye', 'session_id': 'f3a98b52-1140-468d-8d62-b41701528433', 'user_id': 'P1'}"
12:00:01,api.generate_description.succeeded,"{'label': 'teddy bear', 'description_length': 48, 'session_id': 'f3a98b52-1140-468d-8d62-b41701528433', 'user_id': 'P1'}"
12:00:04,api.generate_text_to_graph.succeeded,"{'objects_count': 2, 'relationships_count': 1, 'root_object': 'object1', 'session_id': 'f3a98b52-1140-468d-8d62-b41701528433', 'user_id': 'P1'}"
12:00:04,scene_graph_generated,"{'objects_count': 2, 'relationships_count': 1, 'session_id': 'f3a98b52-1140-468d-8d62-b41701528433', 'user_id': 'P1'}"
12:00:04,api.generate_instance_label_from_description.succeeded,"{'generated_label': 'Teddy bear', 'original_text': 'a small brown teddy bear with a single white eye', 'session_id': 'f3a98b52-1140-468d-8d62-b41701528433', 'user_id': 'P1'}"
12:00:04,instance_created_from_detection,"{'instanceId': 'ec15b208-f034-4d74-b4ac-957e1b033274', 'label': 'Teddy bear', 'originalObjectLabel': 'teddy bear', 'session_id': 'f3a98b52-1140-468d-8d62-b41701528433', 'user_id': 'P1'}"
12:00:07,layout.node.moved,"{'nodeId': 'ec15b208-f034-4d74-b4ac-957e1b033274-resizable', 'newPos': {'x': 383.84375, 'y': 380}, 'session_id': 'f3a98b52-1140-468d-8d62-b41701528433', 'user_id': 'P1'}"
12:00:11,layout.node.moved,"{'nodeId': 'ec15b208-f034-4d74-b4ac-957e1b033274-resizable', 'newPos': {'x': 381.84375, 'y': 380}, 'session_id': 'f3a98b52-1140-468d-8d62-b41701528433', 'user_id': 'P1'}"
12:00:12,layout.node.moved,"{'nodeId': 'instance-7d6736ec-8114-4862-8acd-e84a612d4936-resizable', 'newPos': {'x': 412.84375, 'y': 310}, 'session_id': 'f3a98b52-1140-468d-8d62-b41701528433', 'user_id': 'P1'}"
12:00:15,layout.node.moved,"{'nodeId': 'instance-a0e1098c-c69f-4196-a1be-7971612c29fb-resizable', 'newPos': {'x': 459, 'y': 344}, 'session_id': 'f3a98b52-1140-468d-8d62-b41701528433', 'user_id': 'P1'}"
12:00:19,layout.node.moved,"{'nodeId': 'instance-a0e1098c-c69f-4196-a1be-7971612c29fb-resizable', 'newPos': {'x': 459, 'y': 292}, 'session_id': 'f3a98b52-1140-468d-8d62-b41701528433', 'user_id': 'P1'}"
12:00:21,instance_selected,"{'instance_id': 'ec15b208-f034-4d74-b4ac-957e1b033274', 'instance_label': 'Teddy bear', 'is_from_class': False, 'class_id': None, 'session_id': 'f3a98b52-1140-468d-8d62-b41701528433', 'user_id': 'P1'}"
12:00:44,object_node.edit.saved,"{'object_id': 'object2', 'object_name': 'eye', 'edit_mode': 'attribute-0', 'new_value': 'black', 'is_class_mode': False, 'parent_instance_id': 'ec15b208-f034-4d74-b4ac-957e1b033274', 'session_id': 'f3a98b52-1140-468d-8d62-b41701528433', 'user_id': 'P1'}"
12:00:44,object_node.edit.cancelled,"{'object_id': 'object2', 'object_name': 'eye', 'edit_mode': 'attribute-0', 'is_class_mode': False, 'session_id': 'f3a98b52-1140-468d-8d62-b41701528433', 'user_id': 'P1'}"
12:00:45,object_node.attribute.deleted,"{'object_id': 'object2', 'object_name': 'eye', 'attribute_index': 1, 'attribute_value': 'single', 'is_class_mode': False, 'parent_instance_id': 'ec15b208-f034-4d74-b4ac-957e1b033274', 'session_id': 'f3a98b52-1140-468d-8d62-b41701528433', 'user_id': 'P1'}"
12:00:46,api.generate_scene_graph_to_text.succeeded,"{'text_length': 48, 'generated_text': 'a small brown teddy bear with a single black eye', 'session_id': 'f3a98b52-1140-468d-8d62-b41701528433', 'user_id': 'P1'}"
12:00:46,instance.updated,"{'instance_id': 'ec15b208-f034-4d74-b4ac-957e1b033274', 'instance_label': 'Teddy bear', 'text_changed': False, 'graph_changed': True, 'session_id': 'f3a98b52-1140-468d-8d62-b41701528433', 'user_id': 'P1'}"
12:00:46,instance_selected,"{'instance_id': 'ec15b208-f034-4d74-b4ac-957e1b033274', 'instance_label': 'Teddy bear', 'is_from_class': False, 'class_id': None, 'session_id': 'f3a98b52-1140-468d-8d62-b41701528433', 'user_id': 'P1'}"
12:00:53,object_node.edit.saved,"{'object_id': 'object2', 'object_name': 'eye', 'edit_mode': 'name', 'new_value': 'eyes', 'is_class_mode': False, 'parent_instance_id': 'ec15b208-f034-4d74-b4ac-957e1b033274', 'session_id': 'f3a98b52-1140-468d-8d62-b41701528433', 'user_id': 'P1'}"
12:00:53,object_node.edit.cancelled,"{'object_id': 'object2', 'object_name': 'eye', 'edit_mode': 'name', 'is_class_mode': False, 'session_id': 'f3a98b52-1140-468d-8d62-b41701528433', 'user_id': 'P1'}"
12:01:04,api.generate_scene_graph_to_text.succeeded,"{'text_length': 40, 'generated_text': 'a small brown teddy bear with black eyes', 'session_id': 'f3a98b52-1140-468d-8d62-b41701528433', 'user_id': 'P1'}"
12:01:04,instance.updated,"{'instance_id': 'ec15b208-f034-4d74-b4ac-957e1b033274', 'instance_label': 'Teddy bear', 'text_changed': False, 'graph_changed': True, 'session_id': 'f3a98b52-1140-468d-8d62-b41701528433', 'user_id': 'P1'}"
12:01:04,instance_selected,"{'instance_id': 'ec15b208-f034-4d74-b4ac-957e1b033274', 'instance_label': 'Teddy bear', 'is_from_class': False, 'class_id': None, 'session_id': 'f3a98b52-1140-468d-8d62-b41701528433', 'user_id': 'P1'}"
12:01:19,instance_selected,"{'instance_id': 'instance-7a1ebca4-f303-4497-87ae-c01929e70770', 'instance_label': 'grandpa', 'is_from_class': False, 'class_id': None, 'session_id': 'f3a98b52-1140-468d-8d62-b41701528433', 'user_id': 'P1'}"
12:01:35,instance_selected,"{'instance_id': 'instance-7d6736ec-8114-4862-8acd-e84a612d4936', 'instance_label': 'girl', 'is_from_class': False, 'class_id': None, 'session_id': 'f3a98b52-1140-468d-8d62-b41701528433', 'user_id': 'P1'}"
12:01:39,layout.node.moved,"{'nodeId': 'instance-7d6736ec-8114-4862-8acd-e84a612d4936', 'newPos': {'x': 388.84375, 'y': 308}, 'session_id': 'f3a98b52-1140-468d-8d62-b41701528433', 'user_id': 'P1'}"
12:01:49,layout.node.moved,"{'nodeId': 'instance-7d6736ec-8114-4862-8acd-e84a612d4936', 'newPos': {'x': 392, 'y': 311}, 'session_id': 'f3a98b52-1140-468d-8d62-b41701528433', 'user_id': 'P1'}"
12:01:51,layout.node.moved,"{'nodeId': 'instance-7d6736ec-8114-4862-8acd-e84a612d4936', 'newPos': {'x': 392, 'y': 311}, 'session_id': 'f3a98b52-1140-468d-8d62-b41701528433', 'user_id': 'P1'}"
12:02:00,instance_selected,"{'instance_id': 'instance-fd5fc9e0-4c9d-4177-9f03-cb63edce6491', 'instance_label': 'basket', 'is_from_class': False, 'class_id': None, 'session_id': 'f3a98b52-1140-468d-8d62-b41701528433', 'user_id': 'P1'}"
12:02:11,instance_selected,"{'instance_id': 'instance-df4f2a38-952c-4d4f-99ec-eb52cbbb0c0a', 'instance_label': 'male', 'is_from_class': True, 'class_id': 'class-6a90e597-ae8b-4c2f-9c4a-b3afef6476ea', 'session_id': 'f3a98b52-1140-468d-8d62-b41701528433', 'user_id': 'P1'}"
12:02:52,prompt_saved,{'path': 'output/P1/2025-08-24_12-02-52/prompt.json'}
12:02:52,object_detection_integrated,{'objects_count': 6}
12:02:53,api.generate_image.succeeded,"{'global_caption': 'a scene featuring a grandpa with white hair wearing a black cap, a white shirt, a grey cardigan, and black long pants, with a pair of black shoes, watching a girl; a woman with dark brown hair and slightly tanned skin wearing a short-sleeved dress with small pink and light-blue flower patterns, holding hands with a male and holding a wooden basket; a dark, slightly tanned male with short, curly dark brown hair wearing a short-sleeve blue shirt and beige shorts, holding a bunch of bottled water; a little girl wearing a hot-pink no-sleeve t-shirt, a white mid-length skirt, and pink sandals, holding a small brown teddy bear with black eyes in her right hand and a yellow balloon in her left hand; and a road with two black cars and a lot of trees with green leaves.', 'region_count': 9, 'has_image': True, 'detected_objects_count': 6, 'image_path': 'output/P1/2025-08-24_12-02-52/image.png', 'image_with_layout_path': 'output/P1/2025-08-24_12-02-52/image_with_layout.png', 'timestamp_dir': 'output/P1/2025-08-24_12-02-52', 'session_id': 'f3a98b52-1140-468d-8d62-b41701528433', 'user_id': 'P1'}"
12:02:53,object_detection_integrated,"{'objectsCount': 6, 'objects': [{'label': 'person', 'confidence': 0.915869414806366}, {'label': 'person', 'confidence': 0.8924199342727661}, {'label': 'person', 'confidence': 0.8716274499893188}, {'label': 'person', 'confidence': 0.524249792098999}, {'label': 'car', 'confidence': 0.36468276381492615}, {'label': 'person', 'confidence': 0.2588278651237488}], 'session_id': 'f3a98b52-1140-468d-8d62-b41701528433', 'user_id': 'P1'}"
12:03:10,instance_selected,"{'instance_id': 'instance-d01373cb-6088-4a7c-a7b4-fdc5b1627e8f', 'instance_label': 'woman', 'is_from_class': True, 'class_id': 'class-6a90e597-ae8b-4c2f-9c4a-b3afef6476ea', 'session_id': 'f3a98b52-1140-468d-8d62-b41701528433', 'user_id': 'P1'}"
12:04:10,prompt_saved,{'path': 'output/P1/2025-08-24_12-04-10/prompt.json'}
12:04:10,object_detection_integrated,{'objects_count': 5}
12:04:10,api.generate_image.succeeded,"{'global_caption': 'a scene featuring a grandpa with white hair wearing a black cap, a white shirt, a grey cardigan, and black long pants, with a pair of black shoes, watching a girl; a woman with dark brown hair and slightly tanned skin wearing a short-sleeved dress with small pink and light-blue flower patterns, holding hands with a male and holding a wooden basket; a dark, slightly tanned male with short, curly dark brown hair wearing a short-sleeve blue shirt and beige shorts, holding a bunch of bottled water; a little girl wearing a hot-pink no-sleeve t-shirt, a white mid-length skirt, and pink sandals, holding a small brown teddy bear with black eyes in her right hand and a yellow balloon in her left hand; and a road with two black cars and a lot of trees with green leaves.', 'region_count': 9, 'has_image': True, 'detected_objects_count': 5, 'image_path': 'output/P1/2025-08-24_12-04-10/image.png', 'image_with_layout_path': 'output/P1/2025-08-24_12-04-10/image_with_layout.png', 'timestamp_dir': 'output/P1/2025-08-24_12-04-10', 'session_id': 'f3a98b52-1140-468d-8d62-b41701528433', 'user_id': 'P1'}"
12:04:10,object_detection_integrated,"{'objectsCount': 5, 'objects': [{'label': 'person', 'confidence': 0.8950299024581909}, {'label': 'person', 'confidence': 0.8791022300720215}, {'label': 'person', 'confidence': 0.8576183915138245}, {'label': 'person', 'confidence': 0.5959375500679016}, {'label': 'car', 'confidence': 0.5223323106765747}], 'session_id': 'f3a98b52-1140-468d-8d62-b41701528433', 'user_id': 'P1'}"
12:04:31,layout.node.moved,"{'nodeId': 'instance-d01373cb-6088-4a7c-a7b4-fdc5b1627e8f', 'newPos': {'x': 133.84375, 'y': 158}, 'session_id': 'f3a98b52-1140-468d-8d62-b41701528433', 'user_id': 'P1'}"
12:04:38,object_clicked,"{'label': 'car', 'confidence': 0.5223323106765747, 'bbox': [46, 254, 129, 320], 'session_id': 'f3a98b52-1140-468d-8d62-b41701528433', 'user_id': 'P1'}"
12:04:38,describe_requested,"{'crop_box': [46, 254, 129, 320], 'global_caption': 'a scene featuring a grandpa with white hair wearing a black cap, a white shirt, a grey cardigan, and black long pants, with a pair of black shoes, watching a girl; a woman with dark brown hair and slightly tanned skin wearing a short-sleeved dress with small pink and light-blue flower patterns, holding hands with a male and holding a wooden basket; a dark, slightly tanned male with short, curly dark brown hair wearing a short-sleeve blue shirt and beige shorts, holding a bunch of bottled water; a little girl wearing a hot-pink no-sleeve t-shirt, a white mid-length skirt, and pink sandals, holding a small brown teddy bear with black eyes in her right hand and a yellow balloon in her left hand; and a road with two black cars and a lot of trees with green leaves.'}"
12:04:38,describe_region_saved,{'region_path': 'output/P1/2025-08-24_12-04-38/region.png'}
12:04:40,describe_result,"{'noun_phrase': 'teddy bear', 'description': 'a brown teddy bear with black eyes and a soft texture'}"
12:04:41,api.generate_description.succeeded,"{'label': 'teddy bear', 'description_length': 53, 'session_id': 'f3a98b52-1140-468d-8d62-b41701528433', 'user_id': 'P1'}"
12:04:41,object_description_generated,"{'label': 'teddy bear', 'description': 'a brown teddy bear with black eyes and a soft texture', 'session_id': 'f3a98b52-1140-468d-8d62-b41701528433', 'user_id': 'P1'}"
12:04:43,scene_graph_generated,"{'objects_count': 2, 'relationships_count': 1, 'session_id': 'f3a98b52-1140-468d-8d62-b41701528433', 'user_id': 'P1'}"
12:04:43,api.generate_text_to_graph.succeeded,"{'objects_count': 2, 'relationships_count': 1, 'root_object': 'object1', 'session_id': 'f3a98b52-1140-468d-8d62-b41701528433', 'user_id': 'P1'}"
12:04:44,api.generate_instance_label_from_description.succeeded,"{'generated_label': 'Teddy bear', 'original_text': 'a brown teddy bear with black eyes and a soft text', 'session_id': 'f3a98b52-1140-468d-8d62-b41701528433', 'user_id': 'P1'}"
12:04:44,instance_created_from_detection,"{'instanceId': 'a1e6a0db-c79d-4cbd-b050-051d54cc4e24', 'label': 'Teddy bear', 'originalObjectLabel': 'car', 'session_id': 'f3a98b52-1140-468d-8d62-b41701528433', 'user_id': 'P1'}"
12:04:44,instance_selected,"{'instance_id': 'instance-d01373cb-6088-4a7c-a7b4-fdc5b1627e8f', 'instance_label': 'woman', 'is_from_class': True, 'class_id': 'class-6a90e597-ae8b-4c2f-9c4a-b3afef6476ea', 'session_id': 'f3a98b52-1140-468d-8d62-b41701528433', 'user_id': 'P1'}"
12:04:46,layout.node.moved,"{'nodeId': 'a1e6a0db-c79d-4cbd-b050-051d54cc4e24-resizable', 'newPos': {'x': 88.84375, 'y': 287}, 'session_id': 'f3a98b52-1140-468d-8d62-b41701528433', 'user_id': 'P1'}"
12:04:47,instance_selected,"{'instance_id': 'a1e6a0db-c79d-4cbd-b050-051d54cc4e24', 'instance_label': 'Teddy bear', 'is_from_class': False, 'class_id': None, 'session_id': 'f3a98b52-1140-468d-8d62-b41701528433', 'user_id': 'P1'}"
12:04:56,instance.deleted,"{'instance_id': 'a1e6a0db-c79d-4cbd-b050-051d54cc4e24', 'instance_label': 'Teddy bear', 'is_from_class': False, 'class_id': None, 'session_id': 'f3a98b52-1140-468d-8d62-b41701528433', 'user_id': 'P1'}"
12:05:25,object_clicked,"{'label': 'car', 'confidence': 0.5223323106765747, 'bbox': [46, 254, 129, 320], 'session_id': 'f3a98b52-1140-468d-8d62-b41701528433', 'user_id': 'P1'}"
12:05:25,describe_requested,"{'crop_box': [46, 254, 129, 320], 'global_caption': 'a scene featuring a grandpa with white hair wearing a black cap, a white shirt, a grey cardigan, and black long pants, with a pair of black shoes, watching a girl; a woman with dark brown hair and slightly tanned skin wearing a short-sleeved dress with small pink and light-blue flower patterns, holding hands with a male and holding a wooden basket; a dark, slightly tanned male with short, curly dark brown hair wearing a short-sleeve blue shirt and beige shorts, holding a bunch of bottled water; a little girl wearing a hot-pink no-sleeve t-shirt, a white mid-length skirt, and pink sandals, holding a small brown teddy bear with black eyes in her right hand and a yellow balloon in her left hand; and a road with two black cars and a lot of trees with green leaves.'}"
12:05:25,describe_region_saved,{'region_path': 'output/P1/2025-08-24_12-05-25/region.png'}
12:05:26,describe_result,"{'noun_phrase': 'elderly man', 'description': 'an elderly man with white hair and a broad smile'}"
12:05:27,api.generate_description.succeeded,"{'label': 'elderly man', 'description_length': 48, 'session_id': 'f3a98b52-1140-468d-8d62-b41701528433', 'user_id': 'P1'}"
12:05:27,object_description_generated,"{'label': 'elderly man', 'description': 'an elderly man with white hair and a broad smile', 'session_id': 'f3a98b52-1140-468d-8d62-b41701528433', 'user_id': 'P1'}"
12:05:28,api.generate_text_to_graph.succeeded,"{'objects_count': 1, 'relationships_count': 0, 'root_object': 'object1', 'session_id': 'f3a98b52-1140-468d-8d62-b41701528433', 'user_id': 'P1'}"
12:05:28,scene_graph_generated,"{'objects_count': 1, 'relationships_count': 0, 'session_id': 'f3a98b52-1140-468d-8d62-b41701528433', 'user_id': 'P1'}"
12:05:29,api.generate_instance_label_from_description.succeeded,"{'generated_label': 'Elderly man', 'original_text': 'an elderly man with white hair and a broad smile', 'session_id': 'f3a98b52-1140-468d-8d62-b41701528433', 'user_id': 'P1'}"
12:05:29,instance_created_from_detection,"{'instanceId': '4a3ed75a-50d4-41bf-b712-8779c2b8fece', 'label': 'Elderly man', 'originalObjectLabel': 'car', 'session_id': 'f3a98b52-1140-468d-8d62-b41701528433', 'user_id': 'P1'}"
12:05:33,instance_selected,"{'instance_id': '4a3ed75a-50d4-41bf-b712-8779c2b8fece', 'instance_label': 'Elderly man', 'is_from_class': False, 'class_id': None, 'session_id': 'f3a98b52-1140-468d-8d62-b41701528433', 'user_id': 'P1'}"
12:05:35,instance.deleted,"{'instance_id': '4a3ed75a-50d4-41bf-b712-8779c2b8fece', 'instance_label': 'Elderly man', 'is_from_class': False, 'class_id': None, 'session_id': 'f3a98b52-1140-468d-8d62-b41701528433', 'user_id': 'P1'}"
12:06:32,api.generate_text_to_graph.succeeded,"{'objects_count': 5, 'relationships_count': 4, 'root_object': 'object1', 'session_id': 'f3a98b52-1140-468d-8d62-b41701528433', 'user_id': 'P1'}"
12:06:32,instance.updated,"{'instance_id': 'instance-df4f2a38-952c-4d4f-99ec-eb52cbbb0c0a', 'instance_label': 'male', 'text_changed': True, 'graph_changed': False, 'session_id': 'f3a98b52-1140-468d-8d62-b41701528433', 'user_id': 'P1'}"
12:06:35,instance_selected,"{'instance_id': 'instance-df4f2a38-952c-4d4f-99ec-eb52cbbb0c0a', 'instance_label': 'male', 'is_from_class': True, 'class_id': 'class-6a90e597-ae8b-4c2f-9c4a-b3afef6476ea', 'session_id': 'f3a98b52-1140-468d-8d62-b41701528433', 'user_id': 'P1'}"
12:06:47,api.generate_text_to_graph.succeeded,"{'objects_count': 4, 'relationships_count': 3, 'root_object': 'object1', 'session_id': 'f3a98b52-1140-468d-8d62-b41701528433', 'user_id': 'P1'}"
12:06:47,instance.updated,"{'instance_id': 'instance-df4f2a38-952c-4d4f-99ec-eb52cbbb0c0a', 'instance_label': 'male', 'text_changed': True, 'graph_changed': False, 'session_id': 'f3a98b52-1140-468d-8d62-b41701528433', 'user_id': 'P1'}"
12:06:47,instance_selected,"{'instance_id': 'instance-df4f2a38-952c-4d4f-99ec-eb52cbbb0c0a', 'instance_label': 'male', 'is_from_class': True, 'class_id': 'class-6a90e597-ae8b-4c2f-9c4a-b3afef6476ea', 'session_id': 'f3a98b52-1140-468d-8d62-b41701528433', 'user_id': 'P1'}"
12:07:06,instance_selected,"{'instance_id': 'instance-d01373cb-6088-4a7c-a7b4-fdc5b1627e8f', 'instance_label': 'woman', 'is_from_class': True, 'class_id': 'class-6a90e597-ae8b-4c2f-9c4a-b3afef6476ea', 'session_id': 'f3a98b52-1140-468d-8d62-b41701528433', 'user_id': 'P1'}"
12:07:17,api.generate_text_to_graph.succeeded,"{'objects_count': 3, 'relationships_count': 3, 'root_object': 'object1', 'session_id': 'f3a98b52-1140-468d-8d62-b41701528433', 'user_id': 'P1'}"
12:07:17,instance_selected,"{'instance_id': 'instance-d01373cb-6088-4a7c-a7b4-fdc5b1627e8f', 'instance_label': 'woman', 'is_from_class': True, 'class_id': 'class-6a90e597-ae8b-4c2f-9c4a-b3afef6476ea', 'session_id': 'f3a98b52-1140-468d-8d62-b41701528433', 'user_id': 'P1'}"
12:07:17,instance.updated,"{'instance_id': 'instance-d01373cb-6088-4a7c-a7b4-fdc5b1627e8f', 'instance_label': 'woman', 'text_changed': True, 'graph_changed': False, 'session_id': 'f3a98b52-1140-468d-8d62-b41701528433', 'user_id': 'P1'}"
12:07:35,api.generate_scene_graph_to_text.succeeded,"{'text_length': 157, 'generated_text': 'A woman with dark brown, slightly tanned skin is wearing a short-sleeved dress that has long small p', 'session_id': 'f3a98b52-1140-468d-8d62-b41701528433', 'user_id': 'P1'}"
12:07:35,instance.updated,"{'instance_id': 'instance-d01373cb-6088-4a7c-a7b4-fdc5b1627e8f', 'instance_label': 'woman', 'text_changed': False, 'graph_changed': True, 'session_id': 'f3a98b52-1140-468d-8d62-b41701528433', 'user_id': 'P1'}"
12:07:35,instance_selected,"{'instance_id': 'instance-d01373cb-6088-4a7c-a7b4-fdc5b1627e8f', 'instance_label': 'woman', 'is_from_class': True, 'class_id': 'class-6a90e597-ae8b-4c2f-9c4a-b3afef6476ea', 'session_id': 'f3a98b52-1140-468d-8d62-b41701528433', 'user_id': 'P1'}"
12:08:34,prompt_saved,{'path': 'output/P1/2025-08-24_12-08-34/prompt.json'}
12:08:34,object_detection_integrated,{'objects_count': 6}
12:08:34,object_detection_integrated,"{'objectsCount': 6, 'objects': [{'label': 'person', 'confidence': 0.9293645620346069}, {'label': 'person', 'confidence': 0.886864185333252}, {'label': 'person', 'confidence': 0.6750773787498474}, {'label': 'person', 'confidence': 0.5786203742027283}, {'label': 'person', 'confidence': 0.2922455370426178}, {'label': 'person', 'confidence': 0.27267950773239136}], 'session_id': 'f3a98b52-1140-468d-8d62-b41701528433', 'user_id': 'P1'}"
12:08:34,api.generate_image.succeeded,"{'global_caption': 'a scene featuring a grandpa with white hair wearing a black cap, a white shirt, a grey cardigan, and black long pants, with a pair of black shoes, watching a girl; a woman with dark brown, slightly tanned skin wearing a short-sleeved dress that has long small pink and light-blue flower patterns, looking front, holding hands with a male and holding a wooden basket; a dark brown, slightly tanned male with short, curly dark brown hair wearing a short-sleeve blue shirt and beige shorts, looking front, holding a bunch of bottled water; a little girl wearing a hot-pink no-sleeve t-shirt, a white mid-length skirt, and pink sandals, holding a yellow balloon in her left hand and a small brown teddy bear with black eyes in her right hand; and a road with two black cars and a lot of trees with green leaves.', 'region_count': 9, 'has_image': True, 'detected_objects_count': 6, 'image_path': 'output/P1/2025-08-24_12-08-34/image.png', 'image_with_layout_path': 'output/P1/2025-08-24_12-08-34/image_with_layout.png', 'timestamp_dir': 'output/P1/2025-08-24_12-08-34', 'session_id': 'f3a98b52-1140-468d-8d62-b41701528433', 'user_id': 'P1'}"
12:08:54,instance_selected,"{'instance_id': 'ec15b208-f034-4d74-b4ac-957e1b033274', 'instance_label': 'Teddy bear', 'is_from_class': False, 'class_id': None, 'session_id': 'f3a98b52-1140-468d-8d62-b41701528433', 'user_id': 'P1'}"
12:09:02,instance_selected,"{'instance_id': 'instance-df4f2a38-952c-4d4f-99ec-eb52cbbb0c0a', 'instance_label': 'male', 'is_from_class': True, 'class_id': 'class-6a90e597-ae8b-4c2f-9c4a-b3afef6476ea', 'session_id': 'f3a98b52-1140-468d-8d62-b41701528433', 'user_id': 'P1'}"
12:09:05,layout.node.moved,"{'nodeId': 'instance-31403457-b9a1-45ce-b9c6-654e3a5016bb-resizable', 'newPos': {'x': -11, 'y': 0}, 'session_id': 'f3a98b52-1140-468d-8d62-b41701528433', 'user_id': 'P1'}"
12:09:06,layout.node.moved,"{'nodeId': 'instance-31403457-b9a1-45ce-b9c6-654e3a5016bb-resizable', 'newPos': {'x': -11, 'y': 177}, 'session_id': 'f3a98b52-1140-468d-8d62-b41701528433', 'user_id': 'P1'}"
12:09:13,layout.node.moved,"{'nodeId': 'instance-31403457-b9a1-45ce-b9c6-654e3a5016bb-resizable', 'newPos': {'x': -11, 'y': 0}, 'session_id': 'f3a98b52-1140-468d-8d62-b41701528433', 'user_id': 'P1'}"
12:09:42,api.generate_text_to_graph.succeeded,"{'objects_count': 4, 'relationships_count': 3, 'root_object': 'object1', 'session_id': 'f3a98b52-1140-468d-8d62-b41701528433', 'user_id': 'P1'}"
12:09:42,instance.updated,"{'instance_id': 'instance-df4f2a38-952c-4d4f-99ec-eb52cbbb0c0a', 'instance_label': 'male', 'text_changed': True, 'graph_changed': False, 'session_id': 'f3a98b52-1140-468d-8d62-b41701528433', 'user_id': 'P1'}"
12:09:42,instance_selected,"{'instance_id': 'instance-df4f2a38-952c-4d4f-99ec-eb52cbbb0c0a', 'instance_label': 'male', 'is_from_class': True, 'class_id': 'class-6a90e597-ae8b-4c2f-9c4a-b3afef6476ea', 'session_id': 'f3a98b52-1140-468d-8d62-b41701528433', 'user_id': 'P1'}"
12:09:47,instance_selected,"{'instance_id': 'instance-d01373cb-6088-4a7c-a7b4-fdc5b1627e8f', 'instance_label': 'woman', 'is_from_class': True, 'class_id': 'class-6a90e597-ae8b-4c2f-9c4a-b3afef6476ea', 'session_id': 'f3a98b52-1140-468d-8d62-b41701528433', 'user_id': 'P1'}"
12:09:56,api.generate_text_to_graph.succeeded,"{'objects_count': 2, 'relationships_count': 2, 'root_object': 'object1', 'session_id': 'f3a98b52-1140-468d-8d62-b41701528433', 'user_id': 'P1'}"
12:09:56,instance_selected,"{'instance_id': 'instance-d01373cb-6088-4a7c-a7b4-fdc5b1627e8f', 'instance_label': 'woman', 'is_from_class': True, 'class_id': 'class-6a90e597-ae8b-4c2f-9c4a-b3afef6476ea', 'session_id': 'f3a98b52-1140-468d-8d62-b41701528433', 'user_id': 'P1'}"
12:09:56,instance.updated,"{'instance_id': 'instance-d01373cb-6088-4a7c-a7b4-fdc5b1627e8f', 'instance_label': 'woman', 'text_changed': True, 'graph_changed': False, 'session_id': 'f3a98b52-1140-468d-8d62-b41701528433', 'user_id': 'P1'}"
12:10:07,object_node.expand_collapse,"{'object_id': 'object1', 'object_name': 'woman', 'action': 'collapse', 'parent_instance_id': 'instance-d01373cb-6088-4a7c-a7b4-fdc5b1627e8f', 'is_class_mode': False, 'session_id': 'f3a98b52-1140-468d-8d62-b41701528433', 'user_id': 'P1'}"
12:10:10,object_node.expand_collapse,"{'object_id': 'object1', 'object_name': 'woman', 'action': 'expand', 'parent_instance_id': 'instance-d01373cb-6088-4a7c-a7b4-fdc5b1627e8f', 'is_class_mode': False, 'session_id': 'f3a98b52-1140-468d-8d62-b41701528433', 'user_id': 'P1'}"
12:10:20,object_node.expand_collapse,"{'object_id': 'object1', 'object_name': 'woman', 'action': 'collapse', 'parent_instance_id': 'instance-d01373cb-6088-4a7c-a7b4-fdc5b1627e8f', 'is_class_mode': False, 'session_id': 'f3a98b52-1140-468d-8d62-b41701528433', 'user_id': 'P1'}"
12:10:21,object_node.expand_collapse,"{'object_id': 'object1', 'object_name': 'woman', 'action': 'expand', 'parent_instance_id': 'instance-d01373cb-6088-4a7c-a7b4-fdc5b1627e8f', 'is_class_mode': False, 'session_id': 'f3a98b52-1140-468d-8d62-b41701528433', 'user_id': 'P1'}"
12:10:24,prompt_saved,{'path': 'output/P1/2025-08-24_12-10-24/prompt.json'}
12:10:24,object_detection_integrated,{'objects_count': 6}
12:10:25,api.generate_image.succeeded,"{'global_caption': 'a scene featuring a grandpa with white hair wearing a black cap, a white shirt, a grey cardigan, and black long pants, with a pair of black shoes, watching a girl; a woman with dark brown, slightly tanned skin wearing a short-sleeved dress that has long small pink and light-blue flower patterns, looking backward, holding hands with a male and holding a wooden basket; a dark brown, slightly tanned male with short, curly dark brown hair wearing a short-sleeve blue shirt and beige shorts, looking backward, holding a bunch of bottled water; a little girl wearing a hot-pink no-sleeve t-shirt, a white mid-length skirt, and pink sandals, holding a yellow balloon in her left hand and a small brown teddy bear with black eyes in her right hand; and a road with two black cars and a lot of trees with green leaves.', 'region_count': 9, 'has_image': True, 'detected_objects_count': 6, 'image_path': 'output/P1/2025-08-24_12-10-24/image.png', 'image_with_layout_path': 'output/P1/2025-08-24_12-10-24/image_with_layout.png', 'timestamp_dir': 'output/P1/2025-08-24_12-10-24', 'session_id': 'f3a98b52-1140-468d-8d62-b41701528433', 'user_id': 'P1'}"
12:10:25,object_detection_integrated,"{'objectsCount': 6, 'objects': [{'label': 'person', 'confidence': 0.9044714570045471}, {'label': 'person', 'confidence': 0.8840250968933105}, {'label': 'person', 'confidence': 0.6459108591079712}, {'label': 'person', 'confidence': 0.5897263884544373}, {'label': 'person', 'confidence': 0.4150718152523041}, {'label': 'person', 'confidence': 0.36440780758857727}], 'session_id': 'f3a98b52-1140-468d-8d62-b41701528433', 'user_id': 'P1'}"
12:11:13,system_completed,"{'system': 'system2', 'completion_time': '2025-08-24T12:11:11.656Z', 'session_id': 'f3a98b52-1140-468d-8d62-b41701528433', 'user_id': 'P1'}"
12:11:55,system_survey_completed,"{'system_type': 'system2', 'language': 'ko', 'responses': {'mental_demand': 4, 'temporal_demand': 3, 'performance': 5, 'effort': 4, 'frustration': 3, 'exploration': 6, 'engagement': 6, 'effort_reward': 6, 'transparency': 5, 'expressiveness': 6, 'dg1_clarity': 7, 'dg2_prompt_to_image': 7, 'dg2_image_to_prompt': 7, 'dg3_reusability': 6, 'dg3_selective_edit': 7}, 'additional_feedback': '', 'completion_time': '2025-08-24T12:11:53.638Z', 'system_usage_duration': 1711307, 'session_id': 'f3a98b52-1140-468d-8d62-b41701528433', 'user_id': 'P1'}"
